id,title,subtitle,tags,date,image,length,intro,summary,prices,included,blueprint,additional_fees,will_learn,
1001,Ракетный щит Урала," ЗАТО Звездный, бункер-музей",school 4_6 7_8 9_11,8/7/2016 4:26:40,TODO,4 часа,Приглашаем Вас посетить военный городок артиллеристов и ракетчиков Прикамья – Звездный!,"Вместе с Вами мы прогуляемся по городку, посетим музей 52-й ракетной дивизии, расположенный в бункере под землей – бывший командный пункт, посоревнуемся в меткости в тире, нажмем легендарную красную кнопку запуска ракет, ощутим вкус блюд полевой кухни (для организованных групп), и, конечно, примерим солдатскую форму.",TODO," Трансфер до поселка Звездный и обратно; ~ Входные билеты в музей - бункер + экскурсовод; ~ Услуги гида по маршруту, путевая информация о самых известных бункерах – бункер Сталина, Фюрера, история кирзовых солдатских сапог и много других интересных фактов; ~ Обзорная экскурсия по ЗАТО «Звездный»; ~ На обратном пути викторина со сладкими призами. ~ Страховка. "," Обзорная экскурсия по пос. Звёздный с осмотром местных достопримечательностей (памятник солдатским сапогам, лавочка примирения, площадь памяти, граффити и 3d рисунки на асфальте). ~ Посещение музея-бункера (командный пункт с огромным комплексом аппаратуры, экспозиции боевой славы, макеты боевого оружия). ~ Посещение пневматического тира (по желанию). ~ Обед полевой кухни (дополнительно оплачивается) "," Чаепитие или обед; ~ Сувениры на память, магниты на холодильник. ",,
1002,Мой друг Хаски, Клуб северных ездовых собак,school 1_3  4_6 7_8 9_11,8/8/2016 4:26:40,TODO,3.5-4 часа,Приглашаем Вас на экскурсию в Клуб северных ездовых собак.,"Тесный тактильный и эмоциональный контакт с собакой оказывают положительное влияние на психологическое состояние детей. Есть даже термин «канис-терапия», специалисты которой отмечают поразительные возможности лечения детей при помощи «лохматых четвероногих целителей».",TODO," Трансфер до клуба северных ездовых собак и обратно; ~ Услуги гида по маршруту, путевая информация об истории клуба и его обитателях; ~ Экскурсия с выводкой-показом собак в клубе; ~ Фотосессия с собаками клуба; ~ На обратном пути викторина со сладкими призами. ", Выводка-показ собак северных ездовых пород; ~ Рассказ о видах ездового спорта и туризма с собаками; ~ Показ снаряжения и обучение запряганию собак; ~ Фотосессия с собаками; ~ Зимой возможно катание на собачьих упряжках на усмотрение клуба за дополнительную оплату. ," Катание на собачьей упряжке; ~ Чаепитие или обед; ~ Сувениры на память, магниты на холодильник. ",,
1003,Парк истории реки Чусовой, Этнографический парк,school 4_6 7_8 9_11,8/7/2016 4:26:40,TODO,8.5-9 часов,"Приглашаем Вас в незабываемое путешествие в старину - к Ермаку, русским самоварам, лаптям и игрушкам.","Чусовской этнографический парк, расположенный около г. Чусового, рядом со спортивной школой «Огонек» – место необычное. Здесь воссоздается атмосфера русской старины. Дома с праздничной резьбой, симпатичные церкви, расписные карусели с лошадками, забавные яркие вывески напоминают иллюстрации к русским сказкам. По деревенской улочке прогуливаются гуси, рядом в доме находятся кролики… В этнопарке течет своя особая жизнь.",TODO," Проезд на комфортабельном автобусе до этнографического парка истории реки Чусовой и обратно; ~ Входные билеты в парк + экскурсовод; ~ Услуги гида по маршруту, путевая информация о городе Чусовой, легендах и сказаниях об атамане Ермаке и много другой интерересной информации. ~ Просмотр тематического фильма в автобусе; ~ Обед. "," Обзорная экскурсия по парку реки Чусовой с посещением музея Ермака, музея «Балаган», крестьянской избы, сельской лавки и других интересных объектов; ~ Обед. "," Сопровождающие групп обед оплачивают дополнительно – 150 руб.; ~ Сувениры на память, магниты на холодильник. ",," Посетив парк, Вы узнаете, какая утварь была в каждой крестьянской избе. Увидите сани-розвальни, зыбку, глядельце, светец и еще множество необходимых в крестьянском быту предметов. Купеческая лавка поражает коллекцией русских самоваров, утюгов и машин «Зингер». ~ Для детей настоящим сюрпризом станет Балаган. Здесь множество разноцветных матрешек, пирамидок и деревянных медведей, с которыми можно поиграть. ~ А в единственном в нашем крае музее Ермака Вас ждет сам завоеватель и покоритель Сибири Ермак Тимофеевич. На картинах, панно Вы увидите сцены из его похода. И что особо волнительно, сможете подержать в руках оружие времен Ермака. Дорога до этнопарка проходит по местам, где в XVI веке Ермак шел со своей дружиной. Вы услышите предания, сказания о реке Чусовой и Ермаке. "
1004,Каменский – мать русского футуризма," пос. Троица, музей Каменского",school 7_8 9_11,8/8/2016 4:26:40,TODO,4-4.5 часа,"Приглашаем Вас в старинное село Троица, что расположено в живописном месте слияния трех рек.","Троица – популярное место для дач. Однако примечательно село не только этим. Здесь в свое время жил и трудился великий русский поэт, основатель русского футуризма – Василий Каменский. Мы посетим мемориальный дом-музей В.В Каменского, в котором в 1932-1951 годах проживал поэт.",TODO," Проезд на комфортабельном автобусе до музея и обратно; ~ Входные билеты в парк + экскурсовод; ~ Услуги гида по маршруту, путевая информация; ", Посещение дома – музея В.В. Каменского; ~ Дополнительно можно заказать прогулку на теплоходе. ," Прогулка на телоходе; ~ Книги, брошюры, открытки, сувениры в музейном киоске. ",," Каменский был личностью разносторонней и неоднозначной. В компании с Маяковским, Бурлюком и Хлебниковым открыл русское направление футуризма и окрестил себя, любимого, его же матерью (русского футуризма). ~ В музее Вы также узнаете, кто же был отцом русского футуризма. За самое короткое время изучил теорию и практику воздухоплавания, приобрел аэроплан и первым пролетел над Пермской землей. Правда, парил Каменский недолго, через два года в польском городке Честохове произошла авиакатастрофа, в результате которой серьезно пострадал самолет, поэт остался жив. ~ По определению некоторых, футуристы – это панки серебряного века русской поэзии. Их любили и не понимали, не выносили и боготворили. Хулиганские выходки прошлого века остались в истории, их произведения изучают в обязательной школьной программе. А познакомиться с творчеством нашего земляка Василия Каменского можно в селе Троица Пермского края. "
1005,Нытва – уголок России," г. Нытва, музей ложки",school 1_3  4_6 7_8 9_11,8/7/2016 4:26:40,TODO,4.5-5 часа,Приглашаем Вас совершить путешествие в город Нытву!,"Слово «Нытва» переводится как «зеленая вода» и означает большой пруд, на берегах которого строился и развивался г. Нытва. Мы увидим крупнейший в Пермском крае, а многие считают, что и во всей Европе пруд. Он растянулся на 7 км в длину, и на 1.5 км в ширину!",TODO," Проезд на комфортабельном автобусе до города Нытва и обратно; ~ Обзорная экскурсия на автобусе; ~ Входные билеты в Краеведческий музей+ музей ложки + экскурсовод; ~ Услуги гида по маршруту, путевая информация; ~ Викторина с подарками. "," Обзорная экскурсия по городу Нытва (Набережная Нытвенского пруда, Нытвенский металлургический завод, храм, старинная купеческая улица и т.д.); ~ Посещение историка – краеведческого музея с осмотром диорамы «Нытвенская ярмарка»; ~ Посещение музея Ложки; ~ Веселая викторина со сладкими призами на обратном пути. "," Обед; ~ Чаепитие; ~ Сувениры, именные, деревянные, нытвенские и другие ложки в киоске музея; ",," На правом берегу уникального пруда находится единственный в мире музей ложки. ~ В основе музея – уникальная коллекция ложек. Музей такого профиля возник именно в Нытве потому, что местный металлургический завод обеспечивал ложками и прочими столовыми приборами чуть ли не пол-России. ~ В его коллекциях уже более 1700 экспонатов! Самым ценным экспонатом являются ложки ломоватовской археологической культуры VII-VIII вв. Точно такие же хранятся в Экрмитаже! ~ Экскурсоводы расскажут Вам много интересного об истории ложек и вилок, их видах, ложках разных народов, традициях и обрядах, а также об этикете сервировки и правилах поведения за столом. Будет интересно и полезно! "
1006,Романтика старого города, г. Оса,school 7_8 9_11,8/8/2016 4:26:40,TODO,9 часов,"Приглашаем Вам посетить старинный город ОСУ, богатую на исторические события.","Оса, один из старейших городов Пермского края, насчитывающий 420 лет. О ней писали в своих произведениях А. С. Пушкин, В. Я. Шишков, В. С. Пикуль. Через этот городок к берегам Северной Америки (Аляска) проследовала Вторая Камчатская экспедиция Витуса Беренга. В 1937 году близ Осы снимался популярный фильм « Волга-Волга».",TODO," Проезд на комфортабельном автобусе до города Оса и обратно; ~ Обзорная экскурсия на автобусе; ~ Входные билеты в музейный комплекс + экскурсия; ~ Услуги гида по маршруту, путевая информация; ~ Обед. "," Обзорная экскурсия по городу Оса (осмотр аллеи мемориалов, Свято-Троицкого собора, купеческих особняков, памятника «Куль Осинский» и т.д.); ~ Посещение Осинского музейного комплекса с осмотром диорамы «Взятие Емельяном Пугачевым крепости Оса», фрагмента крепости и т.д.; ~ Просмотр тематического фильма на обратном пути. "," Книги, брошюры, открытки, сувениры в музейном киоске. ",," {""Лето 1774 года – особая страница в истории Осы. 18 июня Емельян Пугачёв осадил город. Крепость защищали храбрые воины, недаром предводитель крестьянского бунта сказал""=>""« Мал городок, да кусается, как оса».""} ~ Приезжайте в Осу. Побродите по её улочкам, всмотритесь в экспонаты музея, почувствуйте обаяние, ауру и романтику старого города, складывающуюся веками… "
1007,Закулисье," Экскурсия в театр, мастерские, фотосессия в костюмах",school 1_3  4_6 7_8 9_11,8/7/2016 4:26:40,TODO,"1,5-2 часа","Приглашаем Вас зайти в театр не с парадного, а со служебного входа, чтобы своими глазами увидеть рождение волшебного мира оперы и балета!","Путешествие начинается на подступах к театру – Театрального сквера. Вы узнаете его легенды и тайны. Далее, в вестибюле театра мы увидим памятник Петру Ильичу Чайковскому , имя которого Пермский театр оперы и балета носит с 1965 года.",TODO, Экскурсия по театральному скверу; ~ Экскурсия за кулисы театра; ~ Фотосессия в костюмах спектаклей театра. ,TODO, Трансфер до театра и обратно. ,," Мы побываем в оркестровой яме и на сцене. Затем путь экскурсантов лежит через цеха; в гримёрном артисты меняют обличья и примеряют новые парики; в обувном на свет появляются новые пуанты; в швейном создаются знаменитые белые пачки балерин. По ходу путешествия экскурсоводы рассказывают о главных событиях в истории старейшего театра на Урале. И, конечно, вспоминают интересные случаи из театральной жизни , например, как легендарный авиатор Чкалов во время спектакля спас певицу, когда на голове у неё внезапно вспыхнул парик или почему «потерялся» один театральный сезон. ~ В финале экскурсии путешественники проходят через хоровые и балетные репетиционные классы и делают остановку на балконе. Здесь для многих наступает самый необычный и увлекательный момент - гости получают возможность облачиться в костюмы из репертуарных спектаклей и сфотографироваться в них на память. "
1008,Мировые религии в Перми," Мечеть, синагога, кирха, костел, храм",school 4_6 7_8 9_11,8/8/2016 4:26:40,TODO,2.5-3 часа,Приглашаем Вас на одну из самых разноплановых и увлекательных экскурсий в мире!,"Знаете ли вы, где в Перми находятся католический собор? Хотите посетить Синагогу и Мечеть? Пермь всегда была гостеприимным домом для множества народов, населявших Россию. Здесь издавна жили татары, армяне, немцы, поляки, евреи, башкиры и удмурты. Часть из гостей Перми приняла православие. Другие сохранили свою религию и построили свои храмы. Все они мирно сосуществовали с православными святынями, придавая облику Перми черты настоящей миролюбивой столицы губернии Прикамья.",TODO," Трансфер на комфортабельном автобусе; ~ Услуги гида, путевая информация; ~ Экскурсии в храмах с представителями конфессий; ~ Страховка. "," Обзорная экскурсия по храмам разных конфессий в Перми; ~ Экскурсии в синагоге, кирхе, мечете, костеле, православном храме; ~ Посещение кошерной лавки в синагоге. "," Платок на голову для девочек; ~ Небольшую сумму денег на пожертвование в храмах и для покупок в церковных лавках, кошерной лавке. "," Об архитектуре, внутреннем и внешнем убранстве этих зданий; ~ О назначении культовых предметов и религиозных символов; ~ Об историческом пути разных религий в Перми; ~ Особенностях их вероучения; ~ О священных книгах и порядке богослужений. "," За пару часов Вы познакомитесь с основными религиями мира, которые сформировали культурное наследие человечества – православие, католицизм, протестантизм, иудаизм и ислам. Побывав в костеле, синагоге, мечети, лютеранской кирхи и в и в православном храме Вы ощутите настоящую атмосферу религиозных обрядов. "
1009,Пермь-36, История пермского ГУЛАГа,school 7_8 9_11,8/7/2016 4:26:40,TODO,7 часов,Приглашаем Вас посетить военный городок артиллеристов и ракетчиков Прикамья – Звездный!,Расширенная экскурсионная программа с просмотром фильма.,TODO," автобусное обслуживание, ~ сопровождение гидом-экскурсоводом, ~ путевая экскурсия, ~ экскурсия в музее, ~ просмотр фильма, ~ страховка. "," 10.00 Выезд из Перми от Театр-Театра с ул. Ленина, 53. ~ 10:00-12:00 Путевая экскурсия. ~ 12.00-15.00 Прибытие в музей «Пермь-36», экскурсия по 2-м зонам (строгого и особого режима) с работниками музея, просмотр фильма. ~ 15.00 Сбор группы. Выезд в Пермь. ~ 15:00-17:00 Дорога в Пермь, обмен впечатлениями или размышления ~ 17.00 Прибытие в Пермь к ""Театр-Театру"" "," Памятный «Сертификат посетителя «Пермь-36» - ламинированный. (200 руб . – 1 человек). ~ Сувениры, магниты, брошюры в киоске музея. ",," В смутные времена 1937 г. вся территория Пермской области становится фактически учреждением ГУЛАГа. «Край волчих стай» - так называли заключенные Прикаье. И на это были основания – побеги из лесных лагерей были практически невозможны. У огромной части пермской интеллигенции – от инженеров до балерин и преподавателей - в биографии вы увидите - «был осужден», «отбывал наказание»… ~ Подробно об этом мрачном периоде вы можете узнать, посетив музей «Пермь – 36», на этой территории в 1970-1980 –х гг. располагался лагерь для политзаключенных. ~ Мы посетим зоны строгого и особого режимов. В бараке с обстановкой тех лет рассмотри экспозицию, повествующую о судьбах узников лагеря. Также увидим шизо – штрафной изолятор, куда помещали самых «непослушных» заключенных. ~ Особое впечатление производят километры проволоки, контрольно – следовая полоса и другие степени защиты, включая электрический ток. И, пожалуй, самое приятное ощущение – после завершения экскурсии выйти из музея «на свободу». "
1010,"Крылья, уши, хвост"," Фермерская усадьба, чаепитие, дегустация",school 4_6 7_8 9_11,8/8/2016 4:26:40,TODO,4 часа,Приглашаем Вас на загородную экскурсию в настоящее фермерское хозяйство!,"Фермеры занимаются разведением чёрных африканских страусов, индеек разных пород. На ферме также есть цесарки, утки, гуси, породистые куры, дикие кабаны, кролики, козы, овцы и даже ТРАВЯНЫЕ свиньи и канадские БИЗОНЫ!",TODO," Трансфер на комфортабельном автобусе; ~ Услуги гида, путевая информация; ~ Входной билет на ферму +экскурсия; ~ Чаепитие + сладости; ~ Дегустация страусиного мяса; ~ Страховка. "," Путевая информация в автобусе; ~ Экскурсия по пермскому району; ~ Экскурсия в фермерской усадьбе, знакомство с ее обитателями; ~ Чаепитие со сладостями; ~ Дегустация копченного страусинного мяса. "," Продажа на ферме сувениров из перьев страуса; ~ С/Х продукция (куриные, гусиные, индюшиные яйца); ~ Страус - дог (хот дог с мясом страуса – 50 руб.). ",," Вам расскажут много удивительных фактов из жизни этих животных и о том, как они прижились у нас на Урале. Вы можете их сфотографировать и покормить, а некоторых погладить и подержать на руках. ~ После экскурсии в гостевой комнате Вам предложат горячий чай с печеньем и конфетами и продегустировать копченное мясо страуса. Вы получите не только «огромный багаж» полезной информации, но и массу незабываемых впечатлений!!! "
1011,От топота копыт,Конноспортивный клуб Престиж,school 1_3  4_6 7_8 ,8/7/2016 4:26:40,TODO,4-4.5 часа,Приглашаем Вас посетить конноспортивный клуб «Престиж».,"Лошади – удивительные животные. Эти создания очень радушны и преданны, у них прекрасная память. А главное, катание на лошадях приносит огромную пользу здоровью. Они помогают нашему телу расслабиться, общение с ними поддерживает тонус нашего тела. Психологи утверждают, что человек чувствует себя увереннее, избавляется от своих комплексов, управляя таким сильным и крупным животным.",TODO," Трансфер на комфортабельном автобусе; ~ Услуги гида, путевая информация; ~ Входные билеты конноспортивный клуб+ экскурсовод; ~ Посещение музея лошади; ~ Катание на лошадях; ~ Страховка; ~ Игровая программа на территории конноспортивного клуба. "," Экскурсия по территории конного клуба и домашнего зоопарка; ~ Посещение конюшен плененных лошадей и музея лошади; ~ Катание на лошадях; ~ Игровая программа, где дети узнают о том, как запрягают лошадей, как управляют ими, как и чем кормят, как подковывают ", Обед - 170 руб. ~ Чаепитие (булочка +чай) – 50 руб. ~ Сувениры в лавке «Орловочка» на территории клуба. ,," Во время игровой программы мы узнаем о том, как запрягают лошадей, как управляют ими, как и чем их кормят, как подковывают. Мы посетим конюшни племенных лошадей и домашний зоопарк, где увидим козочек, курочек, кроликов, овечек, индюшек и хрюшек. Также, совершим экскурсию по территории клуба и в музей лошади. И, конечно, каждый сможет ПОКАТАТЬСЯ на лошади! "
1012,Мир домашних животных ,Конноспортивный клуб Престиж,school 1_3  4_6 7_8 9_11,8/8/2016 4:26:40,TODO,3.5-4 часа,Приглашаем Вас посетить конноспортивный клуб «Престиж».,"Лошади – удивительные животные. Эти создания очень радушны и преданны, у них прекрасная память. А главное, катание на лошадях приносит огромную пользу здоровью. Они помогают нашему телу расслабиться, общение с ними поддерживает тонус нашего тела. Психологи утверждают, что человек чувствует себя увереннее, избавляется от своих комплексов, управляя таким сильным и крупным животным.",TODO," Трансфер на комфортабельном автобусе; ~ Услуги гида, путевая информация; ~ Входные билеты конноспортивный клуб+ экскурсовод; ~ Посещение музея лошади; ~ Катание на лошадях; ~ Страховка. ", Экскурсия по территории конного клуба и домашнего зоопарка; ~ Посещение конюшен плененных лошадей и музея лошади; ~ Катание на лошадях. , Обед - 170 руб. ~ Чаепитие (булочка +чай) – 50 руб. ~ Сувениры в лавке «Орловочка» на территории клуба. ,," Во время игровой программы мы узнаем о том, как запрягают лошадей, как управляют ими, как и чем их кормят, как подковывают. Мы посетим конюшни племенных лошадей и домашний зоопарк, где увидим козочек, курочек, кроликов, овечек, индюшек и хрюшек. Также, совершим экскурсию по территории клуба и в музей лошади. И, конечно, каждый сможет ПОКАТАТЬСЯ на лошади! "
1013,Турслет,Конноспортивный клуб Престиж,school 1_3  4_6 7_8 9_11,8/7/2016 4:26:40,TODO,4-4.5 часа,Приглашаем Вас посетить конноспортивный клуб «Престиж».,"Лошади – удивительные животные. Эти создания очень радушны и преданны, у них прекрасная память. А главное, катание на лошадях приносит огромную пользу здоровью. Они помогают нашему телу расслабиться, общение с ними поддерживает тонус нашего тела. Психологи утверждают, что человек чувствует себя увереннее, избавляется от своих комплексов, управляя таким сильным и крупным животным.",TODO," Трансфер на комфортабельном автобусе; ~ Услуги гида, путевая информация; ~ Входные билеты конноспортивный клуб+ экскурсовод; ~ Посещение музея лошади; ~ Катание на лошадях; ~ Страховка; ~ Игровая программа, полоса препятствий, конкурсы на территории конноспортивного клуба. "," Экскурсия по территории конного клуба и домашнего зоопарка; ~ Посещение конюшен плененных лошадей и музея лошади; ~ Катание на лошадях; ~ Игровая программа, полоса препятствий, забавные конкурсы. ", Обед - 170 руб. ~ Чаепитие (булочка +чай) – 50 руб. ~ Сувениры в лавке «Орловочка» на территории клуба. ,," Во время игровой программы мы узнаем о том, как запрягают лошадей, как управляют ими, как и чем их кормят, как подковывают. Мы посетим конюшни племенных лошадей и домашний зоопарк, где увидим козочек, курочек, кроликов, овечек, индюшек и хрюшек. Также, совершим экскурсию по территории клуба и в музей лошади. И, конечно, каждый сможет ПОКАТАТЬСЯ на лошади! "
1014,Пермская Синематика," Экскурсия по Перми кинематографической, документальные фильмы о Перми",school 1_3  4_6 7_8 9_11,8/8/2016 4:26:40,TODO,2.5-3 часа,Приглашаем вас на интереснейшую кинопрогулку по Пермской Синематике с просмотром одного из фильмов специальной краеведческой программы.,"Во время экскурсии мы посетим одно из крупнейших в стране хранилищ фильмофонда. Это огромное помещение, в котором находятся тысячи известных фильмов, записанные на целлулоидной пленке, хранящиеся в катушках.",TODO,TODO,TODO,,,
1015,Хохловка, Архитектурно-этнографический музей под открытым небом,school 1_3  4_6 7_8 9_11,8/7/2016 4:26:40,TODO,5-5.5 часов,"Приглашаем Вас в Хохловку – удивительное место на крутом живописном берегу реки Камы, чтобы совершить незабываемое путешествие в историческое прошлое народов Прикамья.","Хохловка – архитектурно – этнографический музей под открытым небом, включающий уникальные памятники деревянного зодчества Урала. Почти все экспонаты этого необычного заповедного городка имеют почтенный возраст – от ста до двухсот лет. Все они воссоздают жилые и хозяйственные постройки XVII-XX вв., свезенные сюда с разных уголков территории Пермского края и сохраняемы с большой любовью.",TODO," Проезд на комфортабельном автобусе до музея «Хохловка» и обратно; ~ Входные билеты в музеи+ экскурсовод; ~ Услуги гида по маршруту, путевая информация; ~ Страховка. ", Путевая экскурсия «Деревянное зодчество России»; ~ Посещение музея под открытым небом «Хохловка»; ~ Свободное время. , Услуги аниматора. ~ Сувениры. ," Как жили наши предки, как одевались зимой и летом; ~ Каким ремеслами занимались, чем землю пахали, как траву косили; ~ Как ткали и пряли, посуду из дерева и глины получали, соль варили, на охоту ходили; ~ Почему на Руси строили из дерева; ~ Как строили дома. ",
1016,В поисках клада Ермака," Кунгурская ледяная пещера, деревня Ермака",school 4_6 7_8 9_11,8/7/2016 4:26:40,TODO,7 часа,Приглашаем Вас на увлекательную программу «В поисках клада Ермака».,"С давних времен Ледяная пещера овеяна легендами и сказаниями. Существовал ли знаменитый клад Ермака? Где он спрятан? Мы испытаем свою удачу и поищем клад Ермака в пещерных гротах. Вы узнаете о народных поверьях в поисках кладов, об истории похода Ермака по Сылвенской земле, о кунгурских сказах в интересной игровой форме с элементами лазерного шоу. Пройдемся мы и по малоизвестным гротам. Вы увидите подземное зеркало и затонувшую Атлантиду. Маршрут проходит через 14 гротов, протяженностью 1300 метров.",TODO," Проезд на комфортабельном автобусе до Кунгурской ледяной пещеры и обратно; ~ Входные билеты в Ледяную пещеру+ театрализованная экскурсия; ~ Входные билеты в музей + экскурсия по деревне Ермака; ~ Услуги гида по маршруту, путевая информация; ~ Трапеза (салат «Деревенский», жаркое в глиняном горшочке, пирог с брусникой, чай); ~ Фотосессия в пещере и в деревне Ермака; ~ Страховка. ~ На обратном пути викторина с призами ", Театрализованная экскурсия по Ледяной пещере; ~ Трапеза; ~ Экскурсия в деревню Ермака с посещением музея крестьянского быта. ~ После подземного путешествия туристов ждет вкусный обед «Трапеза Ермака» в кафе гостиницы «Сталагмит». , Сувениры. ," Кто плачет в Гроте «тысячи озер»; ~ Есть ли в пещере клады. ~ И, может быть, Вам посчастливится увидеть самого Пещерного духа! Ведь и сказки и легенды порой оживают! "," После посещения «Ледяной пещеры» мы отправимся на экскурсию в деревню Ермака. Мы увидим струги Ермаковы, музей крестьянского быта времен Ермака, часовню Николая Чудотворца и много других исторических объектов. "
1017,Усолье – мозаика времен," г. Усолье. Строгановские палаты, усадьба Голицыных",school 9_11,8/8/2016 4:26:40,TODO,6 часов,"Приглашаем Вас посетить город Усолье, который хранит память об известном роде Строгановых.","До конца XVIII века Усолье было главным селением Строгановых на Каме. В 1895 г. здесь насчитывалось 40 соляных варниц, на которых работали до 800 человек. В Старом Усолье, на одном из островов, сосредоточены основные и наиболее ценные памятники архитектуры – федерального и регионального значения – всего более сорока. Здесь находится Строгановский архитектурный ансамбль XVII-XIX вв.",TODO," Проезд на комфортабельном автобусе до города Усолье и обратно; ~ Входные билеты в музей «Усадьба князей Голицыных+ экскурсия; ~ Входные билеты в палаты Строгановых+ экскурсия; ~ Экскурсия по архитектурному ансамблю Усолья; ~ Услуги гида по маршруту, путевая информация; ~ Обед в кафе; ~ Страховка. ", Экскурсия по архитектурному ансамблю Усолья; ~ Экскурсия в музей «Усадьба князей Голицыных»; ~ Посещение Строгановских палат; ~ Обед. , Сувениры. ,," Усолье в прошлом – величественная Строгановская столица, которую с Петербургом и с Венецией объединяет единство архитектуры и и водного пространства. Поэтому поговорка «Усолье град – Петербургу брат» совсем не случайна. ~ В ходе экскурсии мы прогуляемся по улочкам «Уральской Венеции» и посетим музей «Усадьба князей Голицыных». В музее сохранились настоящие интерьеры усадьбы, которые воссоздают атмосферу того времени и рассказывают об истории и культуре с. Новое Усолье. "
1018,Фанера над Парижем," пос. Уральский, музей Рейдерства",school 4_6 7_8 9_11,8/7/2016 4:26:40,TODO,6 часов,Приглашаем Вас на необычную экскурсию по поселку Уральский с посещением единственного в своем роде музея Рейдерства.,"Пос. Уральский – один из рабочих поселков, выросший в послевоенные годы. Его появление вызвано строительством крупного, единственного в регионе, Пермского фанерного комбината. И завод, и поселок в короткое время получили широкую известность и добрую славу. Поселок – за необыкновенную красоту, завод – за свою продукцию.",TODO," Проезд на комфортабельном автобусе до пос. Уральский и обратно; ~ Входные билеты в музей «Истории рейдерства»+ экскурсия; ~ Экскурсия по пос. Уральский с посещением парка «Жива вода»; ~ Услуги гида по маршруту, путевая информация; ~ Веселая викторина со сладкими подарками на обратном пути; ~ Страховка. ", Экскурсия по поселку Уральский с фотосессией у современных арт-объектов; ~ Посещение парка «Живая вода»; ~ Экскурсия в музей «Истории рейдерства»; , Сувениры; ~ Обед / чаепитие / сухой паек. ,," В поселке много современных, ярких, привлекающий взгляд арт-объектов. Так, например, мы увидим фанерную Эйфелеву башню, раскрашенную во все цвета радуги. Градообразующее предприятие поселка Уральский - фанерный комбинат. Местные уже придумали примету - перед важными событиями они идут к башне, чтобы не пролететь как фанера над Парижем. ~ Любопытно посмотреть и на парк «Живая вода». Он состоит из нескольких опять-таки фанерных арт-объектов на тему жизни в воде (от Ледникового периода до наших дней). Здесь и образцы первобытных форм жизни, и диковинные рыбы, и фигуры людей. ~ И конечно, мы посетим музей «Истории рейдерства». Это единственный музей в России подобного рода, который знакомит с наиболее яркими примерами рейдерства в мировой и отечественной истории. Часть экспонатов посвящена морскому разбою и женщинам пиратам, но основная экспозиция рассказывает о рейдерском захвате Пермского фанерного комбината. На него в начале 2000-х гг. был совершен ряд атак различных структур с целью его захвата всеми возможными методами. Апогеем тех событий стала попытка силового рейдерского захвата – предприятие в буквальном смысле подвергалось штурму с перестрелкой. "
1019,"Цирк, цирк, цирк!","За кулисами пермского цирка, музей, фотосессия в костюмах",school 1_3  4_6 ,8/8/2016 4:26:40,TODO,1.5-2 часа,Приглашаем Вас окунуться в атмосферу настоящего праздника! В жизни каждого из самых ярких впечатлений детства связано с цирком. Цирк это всегда праздник!,"Не многие из жителей нашего города и области знают, что в цирке работает музей истории циркового искусства. В ходе экскурсии мы узнаем не только об истории цирка, но и познакомимся с закулисной жизнью, по возможности побываем на репетиции и заглянем на конюшню. А в музее мы познакомимся с уникальными фотографиями великолепных аттракционов, прикоснемся к костюмам великих мастеров арены и окунемся в волшебный мир цирка.",TODO,TODO, Посещение музея Цирка в Перми; ~ Экскурсия за кулисы цирка; ~ Фотосессия в костюмах. ,,,
1020,В гости к жар – птицам, Экскурсия на фазанью ферму,school 1_3  4_6 7_8 9_11,8/7/2016 4:26:40,TODO,4-4.5 часа,Приглашаем Вас на настоящее крестьянское – фермерское хозяйства «Фазанья ферма».,"Фазан – птица удивительная и «магическая». Еще с древних времен ее отожествляли с мифическим фениксом – сладкоголосой птицей счастья. Фазаны - это обилие красок, множество необычных форм, симфонии голосов, грациозность походки. Теперь эта чудо - птица с горящими на солнце перьями живет и в Прикамье.",TODO," Проезд на комфортабельном автобусе до фермы и обратно; ~ Входные билеты на фермы+ экскурсовод; ~ Услуги гида по маршруту, путевая информация; ~ Чаепитие; ~ Страховка; ~ Фотосессия с живыми фазанами в подарок! "," Автобусная экскурсия; ~ Посещение питомников декоративных растений для ландшафтного дизайна; ~ Посещение питомников фазанов (около 12 видов) и других птиц (павлины, кеклики, куропатки и декоративные куры); ~ Чаепитие; ~ Фотосессия; ~ На обратном пути викторина со сладкими призами. ", Продукция фермерского хозяйства и ландшафтного питомника. ," Каких фазанов называют «уральскими попугаями»; ~ Зачем на фазанов одевают очки; ~ Почему именно фазанов называют жар - птицей; ~ В каких странах любили изображать фазанов, и что обозначает данная символика. ~ Кроме того, на территории крестьянского фермерского хозяйства мы увидим как выращивают растения для ландшафтного дизайна и познакомимся с профессиями фермера, биолога, садовника, цветовода. ",
1021,"Каменный город, Чусовской этнографический парк",,school 1_3  4_6 7_8 9_11,8/8/2016 4:26:40,TODO,12 часов,"Древняя легенда гласит, что когда-то на этом месте была цветущая страна. Злой волшебник превратил ее в камень, и жизнь покинула застывшие города королевства.","Пермские ученые склоняются к другой версии возникновения Каменного города. Это не что иное, считают они, как устье древней реки, впадавшей в Пермское море миллионы лет назад.",TODO, Экскурсионное обслуживание; ~ Экскурсия в чусовском этнопарке; ~ Входные билеты в этнопарк ~ Экскурсия в Каменном городе; ~ Инструктаж; ~ Страховка. ," Дорога до п. Усьва, путевая информация в пути; ~ Инструктаж; ~ Дорога до Каменного города (1,5 км пешком); ~ Экскурсия по Каменному городу; ~ Экскурсия в Чусовском этнопарке; ~ Обед. ", Обед ,," Памятник природы Каменный город (местное название - Чёртово городище или Черепахи) расположен в 5 км от поселка Усьва, на главной вершине хребта Рудянский спой. Скальный массив прорезан глубокими, до 8-12 метров трещинами шириной 1-8 метров, часто расположенными под прямым углом, что создает иллюзию улиц и переулков заброшенного города. Причудливые скальные останцы образуют сеть коридоров и ярусов на возвышенности посреди леса. Арки, проходы, мосты, лабиринты - здесь можно найти много интересного. ~ Его видели лишь немногие. Но те, кто попадал туда, никогда его не забудут — песчаные изваяния, созданные природой, настолько красивы, что заставляют забыть о реальности. Каменный город красив в любое время года, но особенно зимой, когда он становится похожим на сказочное Берендеево царство. ~ Далее Мы приглашаем Вас в незабываемое путешествие в старину - к Ермаку, русским самоварам, лаптям и игрушкам. Чусовской этнографический парк, расположенный около г. Чусового, рядом со спортивной школой «Огонек» – место необычное. Здесь воссоздается атмосфера русской старины. Дома с праздничной резьбой, симпатичные церкви, расписные карусели с лошадками, забавные яркие вывески напоминают иллюстрации к русским сказкам. По деревенской улочке прогуливаются гуси, рядом в доме находятся кролики… В этнопарке течет своя особая жизнь. ~ Посетив парк, Вы узнаете, какая утварь была в каждой крестьянской избе. Увидите сани-розвальни, зыбку, глядельце, светец и еще множество необходимых в крестьянском быту предметов. Купеческая лавка поражает коллекцией русских самоваров, утюгов и машин «Зингер». ~ Для детей настоящим сюрпризом станет Балаган. Здесь множество разноцветных матрешек, пирамидок и деревянных медведей, с которыми можно поиграть. ~ А в единственном в нашем крае музее Ермака Вас ждет сам завоеватель и покоритель Сибири Ермак Тимофеевич. На картинах, панно Вы увидите сцены из его похода. И что особо волнительно, сможете подержать в руках оружие времен Ермака. Дорога до этнопарка проходит по местам, где в XVI веке Ермак шел со своей дружиной. Вы услышите предания, сказания о реке Чусовой и Ермаке. "
1022,Музей каски, г. Лысьва. Маршрутами памяти и славы,school 1_3  4_6 7_8 9_11,8/7/2016 4:26:40,TODO,TODO,TODO,"В годы Великой Отечественной войны Лысьвенский «Завод №700» был единственным в СССР предприятием, выпускающим стальные шлемы. СШ-40 – легендарные КАСКИ, которые в начале 40-х годов XX века стала идеальным защитным головным убором, спасшим жизни тысячам бойцов и командиров Красной Армии.",TODO,TODO," Обзорная экскурсия по местам Памяти и Славы гор. Лысьва (мемориал Славы, галерея бюстов 10 Героев Советского Союза, памятник ученикам и учителям, погибшим на фронтах Великой Отечественной войны, проспект Победы, сквер советского периода, металлургический завод ). ~ Экскурсия в «Музей Каски». ~ Обед. ",,," В экспозиции музея представлена история развития стального шлема в двух мировых войнах. Коллекция лысьвенских касок была пополнена образцами частных коллекционеров Перми, Санкт-Петербурга, Москвы. Внимание посетителей обязательно привлекут французская каска 1915 г., немецкая каска 1916 г., английская каска 1935 г., американская, итальянская и другие … ~ Интерьер зала визуально напоминает заводской цех, и посетитель погружается в атмосферу нелёгких трудовых будней тружеников тыла. В музее также представлены стальные нагрудники и защитные щитки для стрелков, изготовленные в годы войны в Лысьве. В зале СЛАВЫ рассказывается о подвиге лысьвенцев-фронтовиков и тружеников тыла. За годы войны «Завод №700» выпустил 18 млн. шт. коробок к противогазам, 10 млн. шт. стальных касок, 14 млн. шт. армейских котелков. "
1023,Индейская деревня Дети ветра,,school 1_3  4_6 7_8 9_11,8/8/2016 4:26:40,TODO,TODO,Приглашаем вас на увлекательную экскурсию в Индейскую деревню «Дети ветра».,"Этот удивительный атмосферный музей расположен в п. Юго-Камский, что в Пермском районе Пермского края. Вы имеете уникальную возможность почувствовать себя настоящим индейцем, каждая ваша минута пребывания в Индейской деревне будет наполнена свежим воздухом, творчеством и трудом.",TODO," Проезд на комфортабельном автобусе класса ""Турист"" ~ Путевая экскурсия; ~ Обзорная экскурсия по лагерю и лесному маршруту; ~ Раскраска лица; ~ Стрельба из лука; ~ Чаепитие с пирогами или лепешками. ",TODO,,," Вы увидите, что индейцы живут в типи – традиционных индейских жилищах. Для детей устроены небольшие вигвамы, а посередине деревни стоит главный шатер. Стоит заметить, что настоящий типи собирается без гвоздей, он состоит из брусьев, ткани, веревок, шишек. Конусовидное сооружение женщина из племени индейцев должна собирать за полчаса. Считается, что мужчина-индеец не должен заниматься такими «глупостями», как сборка типи или вигвама. Внутренне пространство типи довольно просторно, правильно разведенный очаг способен держать тепло в доме продолжительно долго. Инипи – традиционная индейская баня, очищение в ней скорее духовное, чем «физическое». ~ Деревня «Дети ветра» усыпана всевозможными арт-объектами. Самый интересный из них – солнечные часы. Чтобы узнать время, нужно встать в центр «на пятачок» и определить значение по тени. Временные отрезки обозначаются пенечками, которые украшены индейскими рунами, символизирующими дом, воду, воздух и пр. Коммуникации не обошли стороной индейскую деревню XXI века. Питьевая вода подается по деревянному водопроводу в виде выдолбленных желобов. Его начало берется с ручья на возвышенности. ~ В деревне «Дети Ветра» поддерживается здоровый образ жизни. Ее основатели используют природные ресурсы, улучшают окружающую среду, не употребляют «огненную воду» (алкоголь). Здесь запрещается сквернословить и вести себя агрессивно. При этом здесь пользуются современными гаджетами, а 3G в этом месте «уверенный», ведь от работы и забот никуда не деться. ~ Для нас будут организованы мастер-классы по изготовлению традиционных для индейцев предметов обихода или сувениров. Для этого используется дерево и глина. Любой желающий может пострелять из лука, попробовать себя в ремесле, пометать ножи. Самым смелым раскрасят лицо. В конце экскурсионной программы вас ожидает чаепитие с традиционными индейскими лепешками и пирогами. "